date,consumption_kwh,valid_measurements,coverage,data_quality
2006-12-16,20.152933333333333,396,0.275,partial
2006-12-17,56.507666666666665,1440,1.0,complete
2006-12-18,36.73043333333333,1440,1.0,complete
2006-12-19,27.7699,1440,1.0,complete
2006-12-20,37.0958,1440,1.0,complete
2006-12-21,28.6104,1438,0.9986111111111111,partial
2006-12-22,39.0223,1440,1.0,complete
2006-12-23,79.55643333333333,1440,1.0,complete
2006-12-24,42.5002,1440,1.0,complete
2006-12-25,45.718666666666664,1440,1.0,complete
2006-12-26,65.5685,1440,1.0,complete
2006-12-27,25.479333333333333,1440,1.0,complete
2006-12-28,34.54396666666667,1440,1.0,complete
2006-12-29,52.906533333333336,1440,1.0,complete
2006-12-30,46.488366666666664,1438,0.9986111111111111,partial
2006-12-31,58.2366,1440,1.0,complete
2007-01-01,45.81673333333333,1440,1.0,complete
2007-01-02,21.153933333333335,1440,1.0,complete
2007-01-03,16.9009,1440,1.0,complete
2007-01-04,54.32353333333333,1440,1.0,complete
2007-01-05,45.22273333333333,1440,1.0,complete
2007-01-06,25.139633333333332,1440,1.0,complete
2007-01-07,40.79366666666667,1440,1.0,complete
2007-01-08,37.356,1440,1.0,complete
2007-01-09,31.1509,1440,1.0,complete
2007-01-10,35.913333333333334,1440,1.0,complete
2007-01-11,37.58656666666667,1440,1.0,complete
2007-01-12,24.354933333333335,1440,1.0,complete
2007-01-13,53.113566666666664,1440,1.0,complete
2007-01-14,50.130266666666664,1439,0.9993055555555556,partial
2007-01-15,35.8113,1440,1.0,complete
2007-01-16,28.106733333333334,1440,1.0,complete
2007-01-17,47.46146666666667,1440,1.0,complete
2007-01-18,30.3577,1440,1.0,complete
2007-01-19,24.674,1440,1.0,complete
2007-01-20,52.22886666666667,1440,1.0,complete
2007-01-21,56.7877,1440,1.0,complete
2007-01-22,36.341566666666665,1440,1.0,complete
2007-01-23,29.627333333333333,1440,1.0,complete
2007-01-24,49.79756666666667,1440,1.0,complete
2007-01-25,26.605733333333333,1440,1.0,complete
2007-01-26,26.9662,1440,1.0,complete
2007-01-27,34.06786666666667,1440,1.0,complete
2007-01-28,51.5034,1439,0.9993055555555556,partial
2007-01-29,33.0444,1440,1.0,complete
2007-01-30,28.4633,1440,1.0,complete
2007-01-31,39.39586666666667,1440,1.0,complete
2007-02-01,30.412666666666667,1440,1.0,complete
2007-02-02,27.7956,1440,1.0,complete
2007-02-03,67.16203333333333,1440,1.0,complete
2007-02-04,59.93233333333333,1440,1.0,complete
2007-02-05,27.421333333333333,1440,1.0,complete
2007-02-06,21.224666666666668,1440,1.0,complete
2007-02-07,38.8003,1440,1.0,complete
2007-02-08,30.023566666666667,1440,1.0,complete
2007-02-09,27.0033,1440,1.0,complete
2007-02-10,47.15546666666667,1440,1.0,complete
2007-02-11,59.520466666666664,1440,1.0,complete
2007-02-12,31.2935,1440,1.0,complete
2007-02-13,23.575766666666667,1440,1.0,complete
2007-02-14,41.644533333333335,1440,1.0,complete
2007-02-15,33.0891,1440,1.0,complete
2007-02-16,28.375466666666668,1440,1.0,complete
2007-02-17,34.6152,1440,1.0,complete
2007-02-18,63.829366666666665,1440,1.0,complete
2007-02-19,36.44356666666667,1440,1.0,complete
2007-02-20,52.4988,1440,1.0,complete
2007-02-21,34.5479,1440,1.0,complete
2007-02-22,56.15796666666667,1438,0.9986111111111111,partial
2007-02-23,21.891333333333332,1440,1.0,complete
2007-02-24,11.915366666666667,1440,1.0,complete
2007-02-25,8.362333333333334,1440,1.0,complete
2007-02-26,9.474733333333333,1440,1.0,complete
2007-02-27,8.6352,1440,1.0,complete
2007-02-28,8.679566666666666,1440,1.0,complete
2007-03-01,8.626066666666667,1440,1.0,complete
2007-03-02,8.5948,1440,1.0,complete
2007-03-03,13.652033333333334,1440,1.0,complete
2007-03-04,34.845,1440,1.0,complete
2007-03-05,44.33886666666667,1440,1.0,complete
2007-03-06,20.775,1440,1.0,complete
2007-03-07,39.58676666666667,1440,1.0,complete
2007-03-08,26.2022,1440,1.0,complete
2007-03-09,21.2102,1440,1.0,complete
2007-03-10,41.41186666666667,1440,1.0,complete
2007-03-11,58.010600000000004,1440,1.0,complete
2007-03-12,32.51113333333333,1440,1.0,complete
2007-03-13,21.5024,1440,1.0,complete
2007-03-14,29.8894,1440,1.0,complete
2007-03-15,31.413566666666668,1440,1.0,complete
2007-03-16,28.367566666666665,1440,1.0,complete
2007-03-17,33.8015,1440,1.0,complete
2007-03-18,39.51743333333334,1440,1.0,complete
2007-03-19,35.8753,1440,1.0,complete
2007-03-20,34.770466666666664,1440,1.0,complete
2007-03-21,35.70153333333333,1440,1.0,complete
2007-03-22,24.249633333333332,1440,1.0,complete
2007-03-23,21.8168,1440,1.0,complete
2007-03-24,49.47383333333333,1440,1.0,complete
2007-03-25,55.602066666666666,1439,0.9993055555555556,partial
2007-03-26,23.601366666666667,1440,1.0,complete
2007-03-27,18.419,1440,1.0,complete
2007-03-28,38.8983,1440,1.0,complete
2007-03-29,26.506766666666667,1440,1.0,complete
2007-03-30,23.373233333333335,1440,1.0,complete
2007-03-31,58.49183333333333,1440,1.0,complete
2007-04-01,46.43253333333333,1440,1.0,complete
2007-04-02,32.679633333333335,1440,1.0,complete
2007-04-03,27.380333333333333,1440,1.0,complete
2007-04-04,34.1978,1440,1.0,complete
2007-04-05,30.734633333333335,1440,1.0,complete
2007-04-06,26.685666666666666,1440,1.0,complete
2007-04-07,25.898733333333332,1440,1.0,complete
2007-04-08,26.8136,1440,1.0,complete
2007-04-09,16.682,1440,1.0,complete
2007-04-10,12.956066666666667,1440,1.0,complete
2007-04-11,14.791366666666667,1440,1.0,complete
2007-04-12,8.961766666666666,1440,1.0,complete
2007-04-13,9.1837,1440,1.0,complete
2007-04-14,9.2378,1440,1.0,complete
2007-04-15,12.102733333333333,1440,1.0,complete
2007-04-16,15.873166666666666,1440,1.0,complete
2007-04-17,20.395566666666667,1440,1.0,complete
2007-04-18,16.637433333333334,1440,1.0,complete
2007-04-19,17.1443,1440,1.0,complete
2007-04-20,13.709666666666667,1440,1.0,complete
2007-04-21,27.894266666666667,1440,1.0,complete
2007-04-22,37.228566666666666,1440,1.0,complete
2007-04-23,17.5761,1440,1.0,complete
2007-04-24,17.201666666666668,1440,1.0,complete
2007-04-25,21.069366666666667,1440,1.0,complete
2007-04-26,21.257766666666665,1440,1.0,complete
2007-04-27,18.238866666666667,1440,1.0,complete
2007-04-28,0.3789666666666667,21,0.014583333333333334,partial
2007-04-30,7.0137,576,0.4,partial
2007-05-01,27.730966666666667,1440,1.0,complete
2007-05-02,16.724766666666667,1440,1.0,complete
2007-05-03,18.170633333333335,1440,1.0,complete
2007-05-04,16.635466666666666,1440,1.0,complete
2007-05-05,26.050866666666668,1440,1.0,complete
2007-05-06,35.035066666666665,1440,1.0,complete
2007-05-07,27.3944,1440,1.0,complete
2007-05-08,29.821533333333335,1440,1.0,complete
2007-05-09,27.762266666666665,1440,1.0,complete
2007-05-10,11.798066666666667,1440,1.0,complete
2007-05-11,16.319233333333333,1440,1.0,complete
2007-05-12,24.0261,1440,1.0,complete
2007-05-13,27.245633333333334,1440,1.0,complete
2007-05-14,24.463033333333332,1440,1.0,complete
2007-05-15,15.0732,1440,1.0,complete
2007-05-16,28.215733333333333,1440,1.0,complete
2007-05-17,20.530266666666666,1440,1.0,complete
2007-05-18,27.192166666666665,1440,1.0,complete
2007-05-19,23.824033333333333,1440,1.0,complete
2007-05-20,32.80546666666667,1440,1.0,complete
2007-05-21,18.6677,1440,1.0,complete
2007-05-22,18.880866666666666,1440,1.0,complete
2007-05-23,24.4156,1440,1.0,complete
2007-05-24,19.2398,1440,1.0,complete
2007-05-25,26.903666666666666,1440,1.0,complete
2007-05-26,25.204133333333335,1440,1.0,complete
2007-05-27,35.8968,1440,1.0,complete
2007-05-28,27.291133333333335,1440,1.0,complete
2007-05-29,17.689,1440,1.0,complete
2007-05-30,26.8311,1440,1.0,complete
2007-05-31,15.6425,1440,1.0,complete
2007-06-01,17.4153,1439,0.9993055555555556,partial
2007-06-02,24.739366666666665,1440,1.0,complete
2007-06-03,35.133766666666666,1440,1.0,complete
2007-06-04,15.193633333333333,1440,1.0,complete
2007-06-05,24.314866666666667,1440,1.0,complete
2007-06-06,28.2273,1439,0.9993055555555556,partial
2007-06-07,16.4167,1440,1.0,complete
2007-06-08,35.80076666666667,1440,1.0,complete
2007-06-09,17.663566666666668,1402,0.9736111111111111,partial
2007-06-10,22.346866666666667,1440,1.0,complete
2007-06-11,13.244233333333334,1440,1.0,complete
2007-06-12,15.312766666666667,1440,1.0,complete
2007-06-13,15.454533333333334,1440,1.0,complete
2007-06-14,20.984733333333335,1440,1.0,complete
2007-06-15,16.4934,1440,1.0,complete
2007-06-16,33.62936666666667,1440,1.0,complete
2007-06-17,32.4515,1440,1.0,complete
2007-06-18,11.3079,1440,1.0,complete
2007-06-19,14.039333333333333,1438,0.9986111111111111,partial
2007-06-20,17.904766666666667,1440,1.0,complete
2007-06-21,13.4491,1440,1.0,complete
2007-06-22,9.438233333333333,1440,1.0,complete
2007-06-23,7.959433333333333,1440,1.0,complete
2007-06-24,11.910933333333334,1440,1.0,complete
2007-06-25,17.870033333333332,1440,1.0,complete
2007-06-26,15.748466666666667,1440,1.0,complete
2007-06-27,24.680433333333333,1440,1.0,complete
2007-06-28,21.590633333333333,1440,1.0,complete
2007-06-29,21.736633333333334,1439,0.9993055555555556,partial
2007-06-30,22.255233333333333,1440,1.0,complete
2007-07-01,17.111066666666666,1440,1.0,complete
2007-07-02,16.1172,1440,1.0,complete
2007-07-03,17.6652,1440,1.0,complete
2007-07-04,16.7235,1440,1.0,complete
2007-07-05,17.6215,1440,1.0,complete
2007-07-06,17.8254,1440,1.0,complete
2007-07-07,22.636766666666666,1440,1.0,complete
2007-07-08,18.151333333333334,1440,1.0,complete
2007-07-09,19.6693,1440,1.0,complete
2007-07-10,15.138733333333333,1440,1.0,complete
2007-07-11,12.0392,1440,1.0,complete
2007-07-12,17.826366666666665,1440,1.0,complete
2007-07-13,13.239700000000001,1440,1.0,complete
2007-07-14,21.4695,1440,1.0,complete
2007-07-15,15.283733333333334,1310,0.9097222222222222,partial
2007-07-16,14.2279,1440,1.0,complete
2007-07-17,11.993866666666667,1440,1.0,complete
2007-07-18,12.618033333333333,1440,1.0,complete
2007-07-19,11.2981,1440,1.0,complete
2007-07-20,18.507033333333332,1440,1.0,complete
2007-07-21,17.6708,1440,1.0,complete
2007-07-22,22.929566666666666,1439,0.9993055555555556,partial
2007-07-23,16.516966666666665,1440,1.0,complete
2007-07-24,13.754733333333334,1440,1.0,complete
2007-07-25,7.876,1440,1.0,complete
2007-07-26,15.408333333333333,1440,1.0,complete
2007-07-27,20.0419,1440,1.0,complete
2007-07-28,27.031033333333333,1440,1.0,complete
2007-07-29,5.351933333333333,1440,1.0,complete
2007-07-30,7.780266666666667,1440,1.0,complete
2007-07-31,13.538866666666667,1440,1.0,complete
2007-08-01,17.6723,1419,0.9854166666666667,partial
2007-08-02,16.990266666666667,1440,1.0,complete
2007-08-03,17.722733333333334,1440,1.0,complete
2007-08-04,19.083166666666667,1440,1.0,complete
2007-08-05,13.1183,1440,1.0,complete
2007-08-06,18.162,1440,1.0,complete
2007-08-07,24.726333333333333,1440,1.0,complete
2007-08-08,18.758033333333334,1440,1.0,complete
2007-08-09,17.861333333333334,1440,1.0,complete
2007-08-10,17.1335,1440,1.0,complete
2007-08-11,18.194166666666668,1440,1.0,complete
2007-08-12,20.6984,1440,1.0,complete
2007-08-13,19.216866666666668,1440,1.0,complete
2007-08-14,15.6865,1440,1.0,complete
2007-08-15,19.864333333333335,1440,1.0,complete
2007-08-16,15.974933333333333,1440,1.0,complete
2007-08-17,16.831533333333333,1440,1.0,complete
2007-08-18,5.799333333333333,1440,1.0,complete
2007-08-19,23.7049,1440,1.0,complete
2007-08-20,22.314033333333334,1440,1.0,complete
2007-08-21,10.709266666666666,1440,1.0,complete
2007-08-22,20.163466666666668,1440,1.0,complete
2007-08-23,18.538533333333334,1440,1.0,complete
2007-08-24,27.603566666666666,1439,0.9993055555555556,partial
2007-08-25,19.181333333333335,1440,1.0,complete
2007-08-26,21.9151,1440,1.0,complete
2007-08-27,20.1955,1440,1.0,complete
2007-08-28,16.616733333333332,1440,1.0,complete
2007-08-29,12.466533333333333,1440,1.0,complete
2007-08-30,20.040966666666666,1440,1.0,complete
2007-08-31,21.330366666666666,1440,1.0,complete
2007-09-01,28.3581,1440,1.0,complete
2007-09-02,27.7078,1440,1.0,complete
2007-09-03,17.315366666666666,1440,1.0,complete
2007-09-04,26.415733333333332,1440,1.0,complete
2007-09-05,20.60953333333333,1440,1.0,complete
2007-09-06,15.024566666666667,1440,1.0,complete
2007-09-07,22.274933333333333,1440,1.0,complete
2007-09-08,24.495866666666668,1440,1.0,complete
2007-09-09,27.9917,1440,1.0,complete
2007-09-10,18.622933333333332,1440,1.0,complete
2007-09-11,16.392866666666666,1440,1.0,complete
2007-09-12,21.462733333333333,1440,1.0,complete
2007-09-13,19.106366666666666,1440,1.0,complete
2007-09-14,18.9245,1440,1.0,complete
2007-09-15,18.2552,1440,1.0,complete
2007-09-16,27.537066666666668,1440,1.0,complete
2007-09-17,24.3531,1440,1.0,complete
2007-09-18,19.458666666666666,1440,1.0,complete
2007-09-19,21.644733333333335,1440,1.0,complete
2007-09-20,20.925533333333334,1440,1.0,complete
2007-09-21,20.646333333333335,1440,1.0,complete
2007-09-22,19.602866666666667,1440,1.0,complete
2007-09-23,23.632833333333334,1440,1.0,complete
2007-09-24,22.5755,1440,1.0,complete
2007-09-25,29.4057,1440,1.0,complete
2007-09-26,30.371066666666668,1438,0.9986111111111111,partial
2007-09-27,23.21,1440,1.0,complete
2007-09-28,28.0083,1440,1.0,complete
2007-09-29,38.27536666666666,1440,1.0,complete
2007-09-30,25.2715,1440,1.0,complete
2007-10-01,28.682033333333333,1440,1.0,complete
2007-10-02,36.647733333333335,1440,1.0,complete
2007-10-03,21.3409,1440,1.0,complete
2007-10-04,25.30763333333333,1440,1.0,complete
2007-10-05,23.234866666666665,1440,1.0,complete
2007-10-06,29.270666666666667,1440,1.0,complete
2007-10-07,35.1019,1440,1.0,complete
2007-10-08,18.254033333333332,1440,1.0,complete
2007-10-09,28.130966666666666,1440,1.0,complete
2007-10-10,19.449533333333335,1440,1.0,complete
2007-10-11,28.8741,1440,1.0,complete
2007-10-12,31.9084,1440,1.0,complete
2007-10-13,32.11213333333333,1440,1.0,complete
2007-10-14,34.3542,1440,1.0,complete
2007-10-15,21.1055,1440,1.0,complete
2007-10-16,32.7407,1440,1.0,complete
2007-10-17,26.282166666666665,1440,1.0,complete
2007-10-18,25.308833333333332,1440,1.0,complete
2007-10-19,34.7608,1440,1.0,complete
2007-10-20,27.670766666666665,1440,1.0,complete
2007-10-21,32.36566666666667,1440,1.0,complete
2007-10-22,27.548266666666667,1440,1.0,complete
2007-10-23,32.577466666666666,1438,0.9986111111111111,partial
2007-10-24,31.093933333333332,1440,1.0,complete
2007-10-25,30.898633333333333,1440,1.0,complete
2007-10-26,23.959466666666668,1440,1.0,complete
2007-10-27,29.761466666666667,1440,1.0,complete
2007-10-28,8.535966666666667,1440,1.0,complete
2007-10-29,9.090466666666666,1440,1.0,complete
2007-10-30,13.5168,1440,1.0,complete
2007-10-31,21.386833333333332,1440,1.0,complete
2007-11-01,8.270266666666666,1440,1.0,complete
2007-11-02,24.060033333333333,1440,1.0,complete
2007-11-03,8.209166666666667,1440,1.0,complete
2007-11-04,24.761433333333333,1440,1.0,complete
2007-11-05,25.009866666666667,1440,1.0,complete
2007-11-06,34.7063,1440,1.0,complete
2007-11-07,30.745966666666668,1440,1.0,complete
2007-11-08,25.017666666666667,1440,1.0,complete
2007-11-09,36.1871,1440,1.0,complete
2007-11-10,43.526666666666664,1440,1.0,complete
2007-11-11,31.452066666666667,1440,1.0,complete
2007-11-12,35.935766666666666,1440,1.0,complete
2007-11-13,36.90663333333333,1440,1.0,complete
2007-11-14,34.13323333333334,1440,1.0,complete
2007-11-15,24.866466666666668,1440,1.0,complete
2007-11-16,38.4959,1440,1.0,complete
2007-11-17,43.50156666666667,1440,1.0,complete
2007-11-18,36.39763333333333,1440,1.0,complete
2007-11-19,28.727566666666668,1440,1.0,complete
2007-11-20,34.930933333333336,1440,1.0,complete
2007-11-21,29.197266666666668,1439,0.9993055555555556,partial
2007-11-22,32.2063,1440,1.0,complete
2007-11-23,42.04363333333333,1440,1.0,complete
2007-11-24,31.6509,1440,1.0,complete
2007-11-25,23.259966666666667,1440,1.0,complete
2007-11-26,26.161933333333334,1440,1.0,complete
2007-11-27,46.68353333333334,1440,1.0,complete
2007-11-28,27.415666666666667,1440,1.0,complete
2007-11-29,28.653833333333335,1439,0.9993055555555556,partial
2007-11-30,38.86213333333333,1440,1.0,complete
2007-12-01,52.24903333333334,1440,1.0,complete
2007-12-02,49.10313333333333,1440,1.0,complete
2007-12-03,29.36766666666667,1440,1.0,complete
2007-12-04,34.4606,1440,1.0,complete
2007-12-05,35.885333333333335,1440,1.0,complete
2007-12-06,41.46556666666667,1440,1.0,complete
2007-12-07,29.4836,1440,1.0,complete
2007-12-08,36.89006666666667,1440,1.0,complete
2007-12-09,37.909733333333335,1440,1.0,complete
2007-12-10,29.312566666666665,1440,1.0,complete
2007-12-11,38.4184,1440,1.0,complete
2007-12-12,26.4677,1440,1.0,complete
2007-12-13,30.795766666666665,1440,1.0,complete
2007-12-14,32.913466666666665,1440,1.0,complete
2007-12-15,45.6146,1440,1.0,complete
2007-12-16,46.036966666666665,1440,1.0,complete
2007-12-17,29.9511,1439,0.9993055555555556,partial
2007-12-18,43.7199,1440,1.0,complete
2007-12-19,36.60086666666667,1440,1.0,complete
2007-12-20,32.49596666666667,1440,1.0,complete
2007-12-21,33.04293333333333,1440,1.0,complete
2007-12-22,43.52106666666667,1440,1.0,complete
2007-12-23,40.1508,1440,1.0,complete
2007-12-24,37.6308,1440,1.0,complete
2007-12-25,44.916133333333335,1440,1.0,complete
2007-12-26,43.004666666666665,1440,1.0,complete
2007-12-27,42.2033,1440,1.0,complete
2007-12-28,51.8842,1440,1.0,complete
2007-12-29,54.9826,1440,1.0,complete
2007-12-30,42.6486,1440,1.0,complete
2007-12-31,36.942366666666665,1440,1.0,complete
2008-01-01,45.99563333333333,1440,1.0,complete
2008-01-02,27.401766666666667,1440,1.0,complete
2008-01-03,25.168466666666667,1440,1.0,complete
2008-01-04,38.19753333333333,1440,1.0,complete
2008-01-05,36.38746666666667,1440,1.0,complete
2008-01-06,30.419733333333333,1440,1.0,complete
2008-01-07,28.263566666666666,1440,1.0,complete
2008-01-08,34.05916666666667,1440,1.0,complete
2008-01-09,29.807333333333332,1440,1.0,complete
2008-01-10,31.567933333333333,1440,1.0,complete
2008-01-11,28.4303,1440,1.0,complete
2008-01-12,47.8568,1440,1.0,complete
2008-01-13,48.0276,1439,0.9993055555555556,partial
2008-01-14,33.748866666666665,1440,1.0,complete
2008-01-15,44.781866666666666,1440,1.0,complete
2008-01-16,35.59753333333333,1440,1.0,complete
2008-01-17,26.2047,1440,1.0,complete
2008-01-18,36.4498,1440,1.0,complete
2008-01-19,33.0051,1440,1.0,complete
2008-01-20,29.006133333333334,1440,1.0,complete
2008-01-21,30.9833,1440,1.0,complete
2008-01-22,38.7503,1440,1.0,complete
2008-01-23,31.3718,1440,1.0,complete
2008-01-24,27.417033333333332,1440,1.0,complete
2008-01-25,37.330933333333334,1440,1.0,complete
2008-01-26,47.2498,1440,1.0,complete
2008-01-27,39.6961,1440,1.0,complete
2008-01-28,38.46993333333333,1440,1.0,complete
2008-01-29,44.6004,1440,1.0,complete
2008-01-30,27.3441,1440,1.0,complete
2008-01-31,32.56536666666667,1440,1.0,complete
2008-02-01,25.57753333333333,1440,1.0,complete
2008-02-02,48.9339,1439,0.9993055555555556,partial
2008-02-03,34.7428,1440,1.0,complete
2008-02-04,27.135633333333335,1440,1.0,complete
2008-02-05,41.2076,1440,1.0,complete
2008-02-06,27.825666666666667,1440,1.0,complete
2008-02-07,25.30516666666667,1440,1.0,complete
2008-02-08,32.5094,1440,1.0,complete
2008-02-09,35.037933333333335,1440,1.0,complete
2008-02-10,36.4119,1440,1.0,complete
2008-02-11,28.200266666666668,1440,1.0,complete
2008-02-12,33.12996666666667,1440,1.0,complete
2008-02-13,31.674966666666666,1440,1.0,complete
2008-02-14,26.7437,1440,1.0,complete
2008-02-15,33.42013333333333,1440,1.0,complete
2008-02-16,39.1158,1440,1.0,complete
2008-02-17,32.2228,1440,1.0,complete
2008-02-18,25.240066666666667,1440,1.0,complete
2008-02-19,35.4486,1440,1.0,complete
2008-02-20,37.56316666666667,1440,1.0,complete
2008-02-21,27.230833333333333,1440,1.0,complete
2008-02-22,28.876066666666667,1440,1.0,complete
2008-02-23,30.566166666666668,1438,0.9986111111111111,partial
2008-02-24,21.050133333333335,1440,1.0,complete
2008-02-25,8.408133333333334,1440,1.0,complete
2008-02-26,8.452,1440,1.0,complete
2008-02-27,9.445333333333334,1440,1.0,complete
2008-02-28,8.4864,1440,1.0,complete
2008-02-29,22.222466666666666,1440,1.0,complete
2008-03-01,19.031266666666667,1440,1.0,complete
2008-03-02,19.370433333333335,1440,1.0,complete
2008-03-03,17.3425,1440,1.0,complete
2008-03-04,27.8165,1440,1.0,complete
2008-03-05,33.953466666666664,1440,1.0,complete
2008-03-06,41.72013333333334,1440,1.0,complete
2008-03-07,31.049266666666668,1440,1.0,complete
2008-03-08,37.477666666666664,1440,1.0,complete
2008-03-09,26.007633333333334,1440,1.0,complete
2008-03-10,26.9781,1440,1.0,complete
2008-03-11,36.667366666666666,1440,1.0,complete
2008-03-12,29.570533333333334,1440,1.0,complete
2008-03-13,27.925233333333335,1440,1.0,complete
2008-03-14,36.837,1440,1.0,complete
2008-03-15,26.27166666666667,1440,1.0,complete
2008-03-16,30.032666666666668,1440,1.0,complete
2008-03-17,28.448633333333333,1440,1.0,complete
2008-03-18,31.959433333333333,1440,1.0,complete
2008-03-19,21.807466666666667,1440,1.0,complete
2008-03-20,20.8879,1440,1.0,complete
2008-03-21,34.4407,1440,1.0,complete
2008-03-22,34.22526666666667,1440,1.0,complete
2008-03-23,38.7665,1440,1.0,complete
2008-03-24,32.91113333333333,1439,0.9993055555555556,partial
2008-03-25,33.5976,1440,1.0,complete
2008-03-26,27.224533333333333,1440,1.0,complete
2008-03-27,22.847033333333332,1440,1.0,complete
2008-03-28,31.423733333333335,1440,1.0,complete
2008-03-29,41.185833333333335,1440,1.0,complete
2008-03-30,35.7732,1440,1.0,complete
2008-03-31,22.9595,1440,1.0,complete
2008-04-01,35.4842,1440,1.0,complete
2008-04-02,28.194533333333332,1440,1.0,complete
2008-04-03,18.8126,1440,1.0,complete
2008-04-04,27.198633333333333,1440,1.0,complete
2008-04-05,32.84603333333333,1440,1.0,complete
2008-04-06,28.271966666666668,1440,1.0,complete
2008-04-07,25.6473,1440,1.0,complete
2008-04-08,44.29193333333333,1440,1.0,complete
2008-04-09,20.3142,1440,1.0,complete
2008-04-10,24.6291,1440,1.0,complete
2008-04-11,31.2944,1440,1.0,complete
2008-04-12,46.6669,1440,1.0,complete
2008-04-13,37.216433333333335,1440,1.0,complete
2008-04-14,26.493033333333333,1440,1.0,complete
2008-04-15,27.8401,1440,1.0,complete
2008-04-16,24.817733333333333,1440,1.0,complete
2008-04-17,23.264366666666668,1440,1.0,complete
2008-04-18,31.039833333333334,1440,1.0,complete
2008-04-19,37.56183333333333,1440,1.0,complete
2008-04-20,29.85696666666667,1440,1.0,complete
2008-04-21,19.4026,1440,1.0,complete
2008-04-22,27.127933333333335,1440,1.0,complete
2008-04-23,22.622133333333334,1440,1.0,complete
2008-04-24,17.3962,1440,1.0,complete
2008-04-25,21.1289,1440,1.0,complete
2008-04-26,15.052766666666667,1440,1.0,complete
2008-04-27,16.804,1440,1.0,complete
2008-04-28,10.9842,1440,1.0,complete
2008-04-29,32.876933333333334,1440,1.0,complete
2008-04-30,18.3621,1440,1.0,complete
2008-05-01,9.600233333333334,1440,1.0,complete
2008-05-02,24.9628,1440,1.0,complete
2008-05-03,21.493333333333332,1440,1.0,complete
2008-05-04,24.516166666666667,1440,1.0,complete
2008-05-05,22.7822,1440,1.0,complete
2008-05-06,29.833,1440,1.0,complete
2008-05-07,19.6044,1440,1.0,complete
2008-05-08,35.2783,1440,1.0,complete
2008-05-09,29.1212,1440,1.0,complete
2008-05-10,31.8188,1440,1.0,complete
2008-05-11,26.848666666666666,1440,1.0,complete
2008-05-12,25.4034,1440,1.0,complete
2008-05-13,24.6149,1440,1.0,complete
2008-05-14,26.404366666666668,1440,1.0,complete
2008-05-15,19.379466666666666,1440,1.0,complete
2008-05-16,27.467166666666667,1438,0.9986111111111111,partial
2008-05-17,27.624233333333333,1440,1.0,complete
2008-05-18,30.065966666666668,1440,1.0,complete
2008-05-19,17.171033333333334,1440,1.0,complete
2008-05-20,26.355566666666668,1440,1.0,complete
2008-05-21,22.068533333333335,1440,1.0,complete
2008-05-22,16.281133333333333,1440,1.0,complete
2008-05-23,24.7486,1440,1.0,complete
2008-05-24,26.336266666666667,1440,1.0,complete
2008-05-25,34.141733333333335,1440,1.0,complete
2008-05-26,21.495166666666666,1440,1.0,complete
2008-05-27,28.47833333333333,1440,1.0,complete
2008-05-28,18.572866666666666,1440,1.0,complete
2008-05-29,18.917933333333334,1440,1.0,complete
2008-05-30,23.2874,1440,1.0,complete
2008-05-31,27.357833333333332,1440,1.0,complete
2008-06-01,30.8146,1440,1.0,complete
2008-06-02,17.9002,1440,1.0,complete
2008-06-03,26.630266666666667,1440,1.0,complete
2008-06-04,26.481866666666665,1440,1.0,complete
2008-06-05,18.66796666666667,1440,1.0,complete
2008-06-06,20.295233333333332,1440,1.0,complete
2008-06-07,31.37473333333333,1440,1.0,complete
2008-06-08,25.705366666666666,1440,1.0,complete
2008-06-09,22.094966666666668,1440,1.0,complete
2008-06-10,17.784833333333335,1440,1.0,complete
2008-06-11,18.7201,1440,1.0,complete
2008-06-12,20.988866666666667,1440,1.0,complete
2008-06-13,31.238,1439,0.9993055555555556,partial
2008-06-14,23.082,1440,1.0,complete
2008-06-15,38.1517,1440,1.0,complete
2008-06-16,21.7174,1440,1.0,complete
2008-06-17,19.084733333333332,1440,1.0,complete
2008-06-18,31.560133333333333,1440,1.0,complete
2008-06-19,26.468033333333334,1440,1.0,complete
2008-06-20,27.935066666666668,1440,1.0,complete
2008-06-21,28.904233333333334,1440,1.0,complete
2008-06-22,26.106933333333334,1440,1.0,complete
2008-06-23,20.863266666666668,1440,1.0,complete
2008-06-24,29.240866666666665,1440,1.0,complete
2008-06-25,21.0295,1440,1.0,complete
2008-06-26,17.60033333333333,1440,1.0,complete
2008-06-27,29.252533333333332,1440,1.0,complete
2008-06-28,20.14666666666667,1440,1.0,complete
2008-06-29,12.4892,1440,1.0,complete
2008-06-30,13.403266666666667,1440,1.0,complete
2008-07-01,20.254,1440,1.0,complete
2008-07-02,19.120033333333332,1440,1.0,complete
2008-07-03,18.306,1440,1.0,complete
2008-07-04,15.700333333333333,1440,1.0,complete
2008-07-05,24.4848,1440,1.0,complete
2008-07-06,30.0844,1440,1.0,complete
2008-07-07,16.389833333333332,1440,1.0,complete
2008-07-08,18.770233333333334,1440,1.0,complete
2008-07-09,15.321966666666667,1440,1.0,complete
2008-07-10,20.8546,1440,1.0,complete
2008-07-11,20.9036,1440,1.0,complete
2008-07-12,22.14753333333333,1440,1.0,complete
2008-07-13,20.8959,1438,0.9986111111111111,partial
2008-07-14,18.965433333333333,1440,1.0,complete
2008-07-15,19.264333333333333,1440,1.0,complete
2008-07-16,17.951033333333335,1440,1.0,complete
2008-07-17,21.985366666666668,1440,1.0,complete
2008-07-18,21.0264,1440,1.0,complete
2008-07-19,22.400233333333333,1440,1.0,complete
2008-07-20,15.692233333333332,1440,1.0,complete
2008-07-21,19.274633333333334,1440,1.0,complete
2008-07-22,12.337366666666666,1440,1.0,complete
2008-07-23,15.7105,1440,1.0,complete
2008-07-24,18.224166666666665,1440,1.0,complete
2008-07-25,14.425566666666667,1440,1.0,complete
2008-07-26,13.594733333333334,1440,1.0,complete
2008-07-27,19.123266666666666,1440,1.0,complete
2008-07-28,13.7634,1440,1.0,complete
2008-07-29,19.442633333333333,1440,1.0,complete
2008-07-30,21.665133333333333,1440,1.0,complete
2008-07-31,23.210633333333334,1440,1.0,complete
2008-08-01,12.326266666666667,1440,1.0,complete
2008-08-02,8.4296,1440,1.0,complete
2008-08-03,8.413033333333333,1440,1.0,complete
2008-08-04,18.765333333333334,1439,0.9993055555555556,partial
2008-08-05,13.7853,1440,1.0,complete
2008-08-06,5.4352,1440,1.0,complete
2008-08-07,5.5814,1440,1.0,complete
2008-08-08,5.036666666666666,1440,1.0,complete
2008-08-09,5.982066666666666,1440,1.0,complete
2008-08-10,5.8672,1440,1.0,complete
2008-08-11,6.1986,1440,1.0,complete
2008-08-12,4.8164,1440,1.0,complete
2008-08-13,4.709733333333333,1440,1.0,complete
2008-08-14,4.5043,1440,1.0,complete
2008-08-15,4.5609,1440,1.0,complete
2008-08-16,4.580233333333333,1440,1.0,complete
2008-08-17,4.579933333333333,1440,1.0,complete
2008-08-18,4.562633333333333,1440,1.0,complete
2008-08-19,4.5782,1440,1.0,complete
2008-08-20,4.4745333333333335,1440,1.0,complete
2008-08-21,4.354966666666667,1440,1.0,complete
2008-08-22,4.452066666666667,1440,1.0,complete
2008-08-23,4.244033333333333,1440,1.0,complete
2008-08-24,4.245266666666667,1440,1.0,complete
2008-08-25,4.171633333333333,1440,1.0,complete
2008-08-26,4.2927333333333335,1440,1.0,complete
2008-08-27,4.3019,1440,1.0,complete
2008-08-28,4.470766666666667,1440,1.0,complete
2008-08-29,4.4597999999999995,1440,1.0,complete
2008-08-30,4.507066666666667,1440,1.0,complete
2008-08-31,25.010233333333332,1439,0.9993055555555556,partial
2008-09-01,20.791833333333333,1440,1.0,complete
2008-09-02,23.069233333333333,1440,1.0,complete
2008-09-03,23.14143333333333,1440,1.0,complete
2008-09-04,20.420333333333332,1440,1.0,complete
2008-09-05,14.566,1440,1.0,complete
2008-09-06,31.1429,1440,1.0,complete
2008-09-07,22.8776,1440,1.0,complete
2008-09-08,21.822066666666668,1440,1.0,complete
2008-09-09,19.327566666666666,1440,1.0,complete
2008-09-10,21.6794,1440,1.0,complete
2008-09-11,17.145233333333334,1440,1.0,complete
2008-09-12,23.2127,1440,1.0,complete
2008-09-13,27.1906,1440,1.0,complete
2008-09-14,26.2721,1440,1.0,complete
2008-09-15,28.295133333333332,1440,1.0,complete
2008-09-16,20.364366666666665,1440,1.0,complete
2008-09-17,25.320166666666665,1440,1.0,complete
2008-09-18,25.088166666666666,1440,1.0,complete
2008-09-19,25.3141,1440,1.0,complete
2008-09-20,21.743333333333332,1440,1.0,complete
2008-09-21,25.551166666666667,1440,1.0,complete
2008-09-22,22.642733333333332,1440,1.0,complete
2008-09-23,20.546466666666667,1440,1.0,complete
2008-09-24,28.639166666666668,1440,1.0,complete
2008-09-25,18.853666666666665,1440,1.0,complete
2008-09-26,23.8575,1440,1.0,complete
2008-09-27,35.457433333333334,1440,1.0,complete
2008-09-28,28.851733333333332,1440,1.0,complete
2008-09-29,25.028966666666665,1440,1.0,complete
2008-09-30,22.916766666666668,1440,1.0,complete
2008-10-01,31.20606666666667,1440,1.0,complete
2008-10-02,22.422366666666665,1440,1.0,complete
2008-10-03,26.876333333333335,1440,1.0,complete
2008-10-04,35.008266666666664,1440,1.0,complete
2008-10-05,25.8325,1440,1.0,complete
2008-10-06,23.7297,1440,1.0,complete
2008-10-07,28.776133333333334,1440,1.0,complete
2008-10-08,31.0096,1440,1.0,complete
2008-10-09,33.061366666666665,1440,1.0,complete
2008-10-10,25.305633333333333,1440,1.0,complete
2008-10-11,27.8231,1440,1.0,complete
2008-10-12,31.799,1440,1.0,complete
2008-10-13,24.366266666666668,1440,1.0,complete
2008-10-14,26.8176,1440,1.0,complete
2008-10-15,35.94826666666667,1440,1.0,complete
2008-10-16,26.394666666666666,1440,1.0,complete
2008-10-17,31.114766666666668,1440,1.0,complete
2008-10-18,37.319833333333335,1440,1.0,complete
2008-10-19,32.865566666666666,1440,1.0,complete
2008-10-20,27.792566666666666,1440,1.0,complete
2008-10-21,34.395266666666664,1440,1.0,complete
2008-10-22,27.4335,1440,1.0,complete
2008-10-23,30.508233333333333,1440,1.0,complete
2008-10-24,35.55376666666667,1440,1.0,complete
2008-10-25,25.385933333333334,1397,0.9701388888888889,partial
2008-10-26,8.724866666666667,1440,1.0,complete
2008-10-27,8.731533333333333,1440,1.0,complete
2008-10-28,22.1215,1440,1.0,complete
2008-10-29,26.876266666666666,1440,1.0,complete
2008-10-30,18.31,1440,1.0,complete
2008-10-31,21.430533333333333,1440,1.0,complete
2008-11-01,13.841633333333334,1440,1.0,complete
2008-11-02,15.1769,1440,1.0,complete
2008-11-03,14.126666666666667,1440,1.0,complete
2008-11-04,26.0386,1440,1.0,complete
2008-11-05,52.24883333333333,1440,1.0,complete
2008-11-06,26.473966666666666,1440,1.0,complete
2008-11-07,26.9864,1440,1.0,complete
2008-11-08,28.885633333333335,1440,1.0,complete
2008-11-09,42.975633333333334,1440,1.0,complete
2008-11-10,34.864666666666665,1434,0.9958333333333333,partial
2008-11-11,40.9325,1440,1.0,complete
2008-11-12,36.44156666666667,1438,0.9986111111111111,partial
2008-11-13,20.641000000000002,1440,1.0,complete
2008-11-14,27.028966666666665,1440,1.0,complete
2008-11-15,50.52713333333333,1440,1.0,complete
2008-11-16,39.42386666666667,1440,1.0,complete
2008-11-17,25.393933333333333,1440,1.0,complete
2008-11-18,29.150833333333335,1440,1.0,complete
2008-11-19,30.670633333333335,1440,1.0,complete
2008-11-20,28.2056,1440,1.0,complete
2008-11-21,27.898833333333332,1440,1.0,complete
2008-11-22,28.5228,1440,1.0,complete
2008-11-23,56.7554,1439,0.9993055555555556,partial
2008-11-24,53.54996666666667,1440,1.0,complete
2008-11-25,45.0475,1440,1.0,complete
2008-11-26,25.2659,1440,1.0,complete
2008-11-27,39.3703,1440,1.0,complete
2008-11-28,31.43273333333333,1440,1.0,complete
2008-11-29,40.5778,1440,1.0,complete
2008-11-30,40.023133333333334,1440,1.0,complete
2008-12-01,26.9423,1440,1.0,complete
2008-12-02,29.890733333333333,1440,1.0,complete
2008-12-03,29.25273333333333,1440,1.0,complete
2008-12-04,28.9773,1440,1.0,complete
2008-12-05,34.3103,1440,1.0,complete
2008-12-06,42.06393333333333,1440,1.0,complete
2008-12-07,41.11233333333333,1440,1.0,complete
2008-12-08,31.143933333333333,1440,1.0,complete
2008-12-09,33.385733333333334,1440,1.0,complete
2008-12-10,35.18366666666667,1370,0.9513888888888888,partial
2008-12-11,23.875366666666668,1440,1.0,complete
2008-12-12,30.2589,1440,1.0,complete
2008-12-13,30.426233333333332,1440,1.0,complete
2008-12-14,33.36866666666667,1440,1.0,complete
2008-12-15,29.924166666666668,1440,1.0,complete
2008-12-16,29.9515,1440,1.0,complete
2008-12-17,34.97976666666667,1440,1.0,complete
2008-12-18,28.949,1440,1.0,complete
2008-12-19,31.368533333333332,1440,1.0,complete
2008-12-20,37.375033333333334,1439,0.9993055555555556,partial
2008-12-21,44.06016666666667,1440,1.0,complete
2008-12-22,33.5968,1440,1.0,complete
2008-12-23,29.968133333333334,1440,1.0,complete
2008-12-24,21.160633333333333,1440,1.0,complete
2008-12-25,17.6853,1440,1.0,complete
2008-12-26,20.395533333333333,1440,1.0,complete
2008-12-27,49.53606666666667,1440,1.0,complete
2008-12-28,26.177366666666668,1440,1.0,complete
2008-12-29,9.254633333333333,1440,1.0,complete
2008-12-30,19.920633333333335,1440,1.0,complete
2008-12-31,32.736466666666665,1440,1.0,complete
2009-01-01,23.444866666666666,1440,1.0,complete
2009-01-02,38.79183333333334,1440,1.0,complete
2009-01-03,31.8916,1440,1.0,complete
2009-01-04,32.33323333333333,1440,1.0,complete
2009-01-05,26.733333333333334,1440,1.0,complete
2009-01-06,28.164366666666666,1440,1.0,complete
2009-01-07,34.6712,1440,1.0,complete
2009-01-08,27.221166666666665,1440,1.0,complete
2009-01-09,29.8117,1440,1.0,complete
2009-01-10,35.04913333333333,1440,1.0,complete
2009-01-11,32.93313333333333,1440,1.0,complete
2009-01-12,26.487966666666665,1440,1.0,complete
2009-01-13,36.376666666666665,1440,1.0,complete
2009-01-14,29.6047,1439,0.9993055555555556,partial
2009-01-15,26.0678,1440,1.0,complete
2009-01-16,46.109233333333336,1440,1.0,complete
2009-01-17,55.297,1440,1.0,complete
2009-01-18,52.5699,1440,1.0,complete
2009-01-19,28.3311,1440,1.0,complete
2009-01-20,28.967133333333333,1440,1.0,complete
2009-01-21,28.990566666666666,1440,1.0,complete
2009-01-22,20.6226,1440,1.0,complete
2009-01-23,31.842266666666667,1440,1.0,complete
2009-01-24,36.6795,1440,1.0,complete
2009-01-25,47.3944,1440,1.0,complete
2009-01-26,27.907866666666667,1440,1.0,complete
2009-01-27,23.7505,1440,1.0,complete
2009-01-28,45.362233333333336,1440,1.0,complete
2009-01-29,26.2283,1440,1.0,complete
2009-01-30,34.3173,1440,1.0,complete
2009-01-31,55.2142,1440,1.0,complete
2009-02-01,30.124333333333333,1402,0.9736111111111111,partial
2009-02-02,26.721666666666668,1440,1.0,complete
2009-02-03,31.139833333333332,1440,1.0,complete
2009-02-04,41.0154,1440,1.0,complete
2009-02-05,27.4848,1440,1.0,complete
2009-02-06,34.13993333333333,1440,1.0,complete
2009-02-07,52.19226666666667,1440,1.0,complete
2009-02-08,36.3811,1440,1.0,complete
2009-02-09,28.443966666666668,1440,1.0,complete
2009-02-10,32.39703333333333,1440,1.0,complete
2009-02-11,43.98983333333333,1440,1.0,complete
2009-02-12,32.811,1440,1.0,complete
2009-02-13,28.167033333333332,1440,1.0,complete
2009-02-14,38.87656666666667,1438,0.9986111111111111,partial
2009-02-15,26.433866666666667,1440,1.0,complete
2009-02-16,21.983233333333335,1440,1.0,complete
2009-02-17,13.0283,1416,0.9833333333333333,partial
2009-02-18,13.774166666666666,1440,1.0,complete
2009-02-19,12.2878,1440,1.0,complete
2009-02-20,31.3456,1440,1.0,complete
2009-02-21,21.9364,1440,1.0,complete
2009-02-22,37.307966666666665,1440,1.0,complete
2009-02-23,45.56093333333333,1440,1.0,complete
2009-02-24,29.719066666666667,1440,1.0,complete
2009-02-25,19.4974,1440,1.0,complete
2009-02-26,19.280866666666668,1440,1.0,complete
2009-02-27,33.8153,1440,1.0,complete
2009-02-28,27.179166666666667,1440,1.0,complete
2009-03-01,41.1271,1439,0.9993055555555556,partial
2009-03-02,24.624033333333333,1440,1.0,complete
2009-03-03,30.815866666666665,1440,1.0,complete
2009-03-04,30.702166666666667,1440,1.0,complete
2009-03-05,24.0302,1440,1.0,complete
2009-03-06,29.724566666666668,1440,1.0,complete
2009-03-07,28.274433333333334,1440,1.0,complete
2009-03-08,39.2861,1440,1.0,complete
2009-03-09,28.0926,1440,1.0,complete
2009-03-10,30.6035,1440,1.0,complete
2009-03-11,40.0984,1440,1.0,complete
2009-03-12,31.454333333333334,1440,1.0,complete
2009-03-13,24.092,1440,1.0,complete
2009-03-14,35.81713333333333,1440,1.0,complete
2009-03-15,32.3677,1440,1.0,complete
2009-03-16,22.245533333333334,1439,0.9993055555555556,partial
2009-03-17,32.1985,1440,1.0,complete
2009-03-18,24.178,1440,1.0,complete
2009-03-19,19.858866666666668,1440,1.0,complete
2009-03-20,24.398433333333333,1440,1.0,complete
2009-03-21,32.167033333333336,1440,1.0,complete
2009-03-22,28.152833333333334,1440,1.0,complete
2009-03-23,21.6075,1440,1.0,complete
2009-03-24,27.6952,1440,1.0,complete
2009-03-25,30.646233333333335,1440,1.0,complete
2009-03-26,20.1834,1440,1.0,complete
2009-03-27,28.565433333333335,1440,1.0,complete
2009-03-28,37.68293333333333,1440,1.0,complete
2009-03-29,36.94416666666667,1440,1.0,complete
2009-03-30,24.6242,1440,1.0,complete
2009-03-31,30.391366666666666,1440,1.0,complete
2009-04-01,27.352333333333334,1440,1.0,complete
2009-04-02,27.405566666666665,1440,1.0,complete
2009-04-03,22.721,1440,1.0,complete
2009-04-04,36.52053333333333,1440,1.0,complete
2009-04-05,22.9286,1440,1.0,complete
2009-04-06,24.210566666666665,1440,1.0,complete
2009-04-07,24.001533333333334,1440,1.0,complete
2009-04-08,25.576666666666668,1440,1.0,complete
2009-04-09,31.50786666666667,1440,1.0,complete
2009-04-10,30.7019,1440,1.0,complete
2009-04-11,41.04076666666667,1440,1.0,complete
2009-04-12,35.68353333333333,1440,1.0,complete
2009-04-13,26.643733333333333,1438,0.9986111111111111,partial
2009-04-14,25.02563333333333,1440,1.0,complete
2009-04-15,20.2677,1440,1.0,complete
2009-04-16,26.0754,1440,1.0,complete
2009-04-17,34.04683333333333,1440,1.0,complete
2009-04-18,25.204433333333334,1440,1.0,complete
2009-04-19,21.441133333333333,1440,1.0,complete
2009-04-20,24.775166666666667,1440,1.0,complete
2009-04-21,31.576633333333334,1440,1.0,complete
2009-04-22,24.936633333333333,1440,1.0,complete
2009-04-23,19.024333333333335,1440,1.0,complete
2009-04-24,19.9008,1440,1.0,complete
2009-04-25,33.70473333333333,1440,1.0,complete
2009-04-26,29.693766666666665,1440,1.0,complete
2009-04-27,22.52713333333333,1440,1.0,complete
2009-04-28,28.439766666666667,1440,1.0,complete
2009-04-29,27.744666666666667,1440,1.0,complete
2009-04-30,30.579366666666665,1440,1.0,complete
2009-05-01,25.213366666666666,1440,1.0,complete
2009-05-02,23.231833333333334,1440,1.0,complete
2009-05-03,26.814633333333333,1440,1.0,complete
2009-05-04,27.798033333333333,1440,1.0,complete
2009-05-05,28.8579,1440,1.0,complete
2009-05-06,22.498366666666666,1440,1.0,complete
2009-05-07,16.877466666666667,1440,1.0,complete
2009-05-08,30.9526,1440,1.0,complete
2009-05-09,21.02253333333333,1440,1.0,complete
2009-05-10,32.775866666666666,1439,0.9993055555555556,partial
2009-05-11,25.286266666666666,1440,1.0,complete
2009-05-12,27.099266666666665,1440,1.0,complete
2009-05-13,20.7733,1440,1.0,complete
2009-05-14,26.783066666666667,1440,1.0,complete
2009-05-15,23.703766666666667,1440,1.0,complete
2009-05-16,33.4563,1440,1.0,complete
2009-05-17,25.7294,1440,1.0,complete
2009-05-18,20.1651,1440,1.0,complete
2009-05-19,26.955733333333335,1440,1.0,complete
2009-05-20,21.786033333333332,1440,1.0,complete
2009-05-21,26.2525,1440,1.0,complete
2009-05-22,17.913433333333334,1440,1.0,complete
2009-05-23,25.509966666666667,1440,1.0,complete
2009-05-24,21.4631,1440,1.0,complete
2009-05-25,22.568266666666666,1440,1.0,complete
2009-05-26,22.294566666666668,1437,0.9979166666666667,partial
2009-05-27,25.7382,1440,1.0,complete
2009-05-28,19.662266666666667,1440,1.0,complete
2009-05-29,20.7141,1440,1.0,complete
2009-05-30,27.651766666666667,1440,1.0,complete
2009-05-31,15.948166666666667,1440,1.0,complete
2009-06-01,24.054333333333332,1440,1.0,complete
2009-06-02,18.1773,1440,1.0,complete
2009-06-03,22.609633333333335,1440,1.0,complete
2009-06-04,17.261,1440,1.0,complete
2009-06-05,20.506,1440,1.0,complete
2009-06-06,24.590833333333332,1440,1.0,complete
2009-06-07,20.1232,1440,1.0,complete
2009-06-08,19.646266666666666,1440,1.0,complete
2009-06-09,22.214166666666667,1440,1.0,complete
2009-06-10,26.7166,1440,1.0,complete
2009-06-11,21.6775,1440,1.0,complete
2009-06-12,18.3622,1440,1.0,complete
2009-06-13,0.23696666666666666,30,0.020833333333333332,partial
2009-06-15,12.865133333333333,985,0.6840277777777778,partial
2009-06-16,25.146533333333334,1440,1.0,complete
2009-06-17,16.466933333333333,1440,1.0,complete
2009-06-18,19.428333333333335,1440,1.0,complete
2009-06-19,18.114433333333334,1440,1.0,complete
2009-06-20,18.451666666666668,1440,1.0,complete
2009-06-21,14.252366666666667,1440,1.0,complete
2009-06-22,18.234966666666665,1440,1.0,complete
2009-06-23,17.320233333333334,1440,1.0,complete
2009-06-24,25.581233333333333,1440,1.0,complete
2009-06-25,12.856033333333333,1440,1.0,complete
2009-06-26,21.2887,1440,1.0,complete
2009-06-27,28.4842,1440,1.0,complete
2009-06-28,17.656566666666667,1440,1.0,complete
2009-06-29,16.835566666666665,1440,1.0,complete
2009-06-30,19.8741,1440,1.0,complete
2009-07-01,20.3057,1440,1.0,complete
2009-07-02,20.709633333333333,1440,1.0,complete
2009-07-03,14.402466666666667,1440,1.0,complete
2009-07-04,20.6428,1440,1.0,complete
2009-07-05,23.512266666666665,1440,1.0,complete
2009-07-06,15.904333333333334,1440,1.0,complete
2009-07-07,18.502266666666667,1440,1.0,complete
2009-07-08,20.573333333333334,1440,1.0,complete
2009-07-09,14.1042,1440,1.0,complete
2009-07-10,19.7853,1436,0.9972222222222222,partial
2009-07-11,16.566133333333333,1440,1.0,complete
2009-07-12,8.557966666666667,1440,1.0,complete
2009-07-13,8.2791,1440,1.0,complete
2009-07-14,15.1905,1440,1.0,complete
2009-07-15,11.9679,1440,1.0,complete
2009-07-16,9.992566666666667,1440,1.0,complete
2009-07-17,12.1968,1440,1.0,complete
2009-07-18,16.106833333333334,1440,1.0,complete
2009-07-19,20.060733333333335,1440,1.0,complete
2009-07-20,11.041433333333334,1440,1.0,complete
2009-07-21,13.5627,1440,1.0,complete
2009-07-22,12.325533333333333,1440,1.0,complete
2009-07-23,17.166666666666668,1440,1.0,complete
2009-07-24,9.3623,1440,1.0,complete
2009-07-25,8.9448,1440,1.0,complete
2009-07-26,9.050266666666667,1440,1.0,complete
2009-07-27,11.4761,1440,1.0,complete
2009-07-28,15.0475,1440,1.0,complete
2009-07-29,15.033333333333333,1440,1.0,complete
2009-07-30,13.205433333333334,1440,1.0,complete
2009-07-31,16.263833333333334,1440,1.0,complete
2009-08-01,11.782766666666667,1440,1.0,complete
2009-08-02,8.162066666666666,1440,1.0,complete
2009-08-03,8.3383,1440,1.0,complete
2009-08-04,8.481533333333333,1440,1.0,complete
2009-08-05,8.6442,1440,1.0,complete
2009-08-06,8.877866666666666,1440,1.0,complete
2009-08-07,8.988266666666666,1440,1.0,complete
2009-08-08,8.774533333333332,1440,1.0,complete
2009-08-09,16.637233333333334,1440,1.0,complete
2009-08-10,17.822633333333332,1440,1.0,complete
2009-08-11,15.849233333333332,1440,1.0,complete
2009-08-12,13.7406,1440,1.0,complete
2009-08-13,10.114033333333333,549,0.38125,partial
2009-08-14,12.477933333333333,1440,1.0,complete
2009-08-15,25.234366666666666,1440,1.0,complete
2009-08-16,20.2952,1440,1.0,complete
2009-08-17,13.098466666666667,1440,1.0,complete
2009-08-18,18.009966666666667,1440,1.0,complete
2009-08-19,14.679033333333333,1440,1.0,complete
2009-08-20,12.9287,1440,1.0,complete
2009-08-21,19.362433333333332,1440,1.0,complete
2009-08-22,25.8123,1440,1.0,complete
2009-08-23,17.778466666666667,1440,1.0,complete
2009-08-24,20.8709,1440,1.0,complete
2009-08-25,15.726833333333333,1440,1.0,complete
2009-08-26,18.942433333333334,1440,1.0,complete
2009-08-27,12.4911,1440,1.0,complete
2009-08-28,18.647366666666667,1440,1.0,complete
2009-08-29,23.140233333333335,1440,1.0,complete
2009-08-30,27.8057,1440,1.0,complete
2009-08-31,21.092033333333333,1440,1.0,complete
2009-09-01,16.342266666666667,1440,1.0,complete
2009-09-02,20.380233333333333,1440,1.0,complete
2009-09-03,20.853133333333332,1440,1.0,complete
2009-09-04,17.073133333333335,1440,1.0,complete
2009-09-05,25.2311,1440,1.0,complete
2009-09-06,20.477166666666665,1440,1.0,complete
2009-09-07,20.357633333333332,1440,1.0,complete
2009-09-08,18.104233333333333,1440,1.0,complete
2009-09-09,25.355733333333333,1440,1.0,complete
2009-09-10,18.539233333333332,1440,1.0,complete
2009-09-11,20.235766666666667,1440,1.0,complete
2009-09-12,34.405966666666664,1440,1.0,complete
2009-09-13,26.1717,1439,0.9993055555555556,partial
2009-09-14,26.247633333333333,1440,1.0,complete
2009-09-15,24.2801,1440,1.0,complete
2009-09-16,29.0527,1440,1.0,complete
2009-09-17,20.390433333333334,1440,1.0,complete
2009-09-18,22.900533333333332,1440,1.0,complete
2009-09-19,35.595166666666664,1440,1.0,complete
2009-09-20,33.922133333333335,1440,1.0,complete
2009-09-21,23.631133333333334,1440,1.0,complete
2009-09-22,20.7756,1440,1.0,complete
2009-09-23,27.276833333333332,1440,1.0,complete
2009-09-24,23.770966666666666,1440,1.0,complete
2009-09-25,19.350266666666666,1440,1.0,complete
2009-09-26,25.937566666666665,1440,1.0,complete
2009-09-27,23.507866666666665,1440,1.0,complete
2009-09-28,21.6576,1440,1.0,complete
2009-09-29,19.106633333333335,1440,1.0,complete
2009-09-30,29.5456,1438,0.9986111111111111,partial
2009-10-01,21.4542,1440,1.0,complete
2009-10-02,19.211133333333333,1440,1.0,complete
2009-10-03,28.612333333333332,1440,1.0,complete
2009-10-04,27.018433333333334,1440,1.0,complete
2009-10-05,21.2587,1440,1.0,complete
2009-10-06,23.807466666666667,1440,1.0,complete
2009-10-07,30.3639,1440,1.0,complete
2009-10-08,26.2861,1440,1.0,complete
2009-10-09,22.531033333333333,1440,1.0,complete
2009-10-10,33.54593333333333,1440,1.0,complete
2009-10-11,32.30473333333333,1439,0.9993055555555556,partial
2009-10-12,22.526733333333333,1440,1.0,complete
2009-10-13,24.151666666666667,1440,1.0,complete
2009-10-14,28.5204,1440,1.0,complete
2009-10-15,24.832933333333333,1440,1.0,complete
2009-10-16,25.281,1440,1.0,complete
2009-10-17,45.70133333333333,1440,1.0,complete
2009-10-18,25.936066666666665,1440,1.0,complete
2009-10-19,22.818466666666666,1440,1.0,complete
2009-10-20,28.713466666666665,1440,1.0,complete
2009-10-21,32.8251,1440,1.0,complete
2009-10-22,23.3285,1440,1.0,complete
2009-10-23,29.29083333333333,1440,1.0,complete
2009-10-24,43.57346666666667,1440,1.0,complete
2009-10-25,40.10893333333333,1440,1.0,complete
2009-10-26,18.539066666666667,1440,1.0,complete
2009-10-27,18.6126,1440,1.0,complete
2009-10-28,21.145133333333334,1440,1.0,complete
2009-10-29,33.024,1440,1.0,complete
2009-10-30,24.8893,1440,1.0,complete
2009-10-31,31.2657,1440,1.0,complete
2009-11-01,30.719466666666666,1440,1.0,complete
2009-11-02,25.070433333333334,1440,1.0,complete
2009-11-03,37.77813333333334,1440,1.0,complete
2009-11-04,30.03,1440,1.0,complete
2009-11-05,26.007766666666665,1440,1.0,complete
2009-11-06,23.174166666666668,1440,1.0,complete
2009-11-07,25.952933333333334,1440,1.0,complete
2009-11-08,41.80003333333333,1440,1.0,complete
2009-11-09,23.412533333333332,1439,0.9993055555555556,partial
2009-11-10,26.769733333333335,1440,1.0,complete
2009-11-11,34.008,1440,1.0,complete
2009-11-12,24.384433333333334,1440,1.0,complete
2009-11-13,25.548766666666666,1440,1.0,complete
2009-11-14,42.67426666666667,1440,1.0,complete
2009-11-15,32.788466666666665,1440,1.0,complete
2009-11-16,25.241133333333334,1440,1.0,complete
2009-11-17,28.471566666666668,1440,1.0,complete
2009-11-18,43.98623333333333,1440,1.0,complete
2009-11-19,24.5808,1440,1.0,complete
2009-11-20,32.6836,1440,1.0,complete
2009-11-21,41.614266666666666,1440,1.0,complete
2009-11-22,40.8496,1440,1.0,complete
2009-11-23,24.5187,1440,1.0,complete
2009-11-24,35.48093333333333,1440,1.0,complete
2009-11-25,33.00216666666667,1440,1.0,complete
2009-11-26,26.660433333333334,1440,1.0,complete
2009-11-27,23.000433333333334,1440,1.0,complete
2009-11-28,30.9825,1440,1.0,complete
2009-11-29,27.516033333333333,1440,1.0,complete
2009-11-30,29.0865,1440,1.0,complete
2009-12-01,29.272966666666665,1440,1.0,complete
2009-12-02,39.09446666666667,1440,1.0,complete
2009-12-03,24.661466666666666,1440,1.0,complete
2009-12-04,28.521566666666665,1440,1.0,complete
2009-12-05,39.19603333333333,1440,1.0,complete
2009-12-06,39.638133333333336,1440,1.0,complete
2009-12-07,29.043966666666666,1440,1.0,complete
2009-12-08,33.44806666666667,1440,1.0,complete
2009-12-09,30.039266666666666,1440,1.0,complete
2009-12-10,34.2381,1438,0.9986111111111111,partial
2009-12-11,29.741033333333334,1440,1.0,complete
2009-12-12,30.273,1440,1.0,complete
2009-12-13,35.6469,1440,1.0,complete
2009-12-14,29.914366666666666,1440,1.0,complete
2009-12-15,32.33526666666667,1440,1.0,complete
2009-12-16,23.2479,1440,1.0,complete
2009-12-17,28.619699999999998,1440,1.0,complete
2009-12-18,29.078433333333333,1440,1.0,complete
2009-12-19,36.7389,1440,1.0,complete
2009-12-20,19.069433333333333,1440,1.0,complete
2009-12-21,33.9161,1440,1.0,complete
2009-12-22,31.467033333333333,1440,1.0,complete
2009-12-23,24.253333333333334,1440,1.0,complete
2009-12-24,48.43156666666667,1440,1.0,complete
2009-12-25,35.4608,1440,1.0,complete
2009-12-26,36.393633333333334,1440,1.0,complete
2009-12-27,36.59086666666666,1440,1.0,complete
2009-12-28,34.901633333333336,1440,1.0,complete
2009-12-29,34.1328,1440,1.0,complete
2009-12-30,40.85183333333333,1440,1.0,complete
2009-12-31,36.864866666666664,1440,1.0,complete
2010-01-01,20.4042,1440,1.0,complete
2010-01-02,21.813933333333335,1439,0.9993055555555556,partial
2010-01-03,34.72423333333333,1440,1.0,complete
2010-01-04,26.735533333333333,1440,1.0,complete
2010-01-05,36.99633333333333,1440,1.0,complete
2010-01-06,29.619666666666667,1440,1.0,complete
2010-01-07,29.4907,1440,1.0,complete
2010-01-08,29.953466666666667,1440,1.0,complete
2010-01-09,38.94833333333333,1440,1.0,complete
2010-01-10,41.807766666666666,1440,1.0,complete
2010-01-11,25.3114,1440,1.0,complete
2010-01-12,21.375633333333333,893,0.6201388888888889,partial
2010-01-14,10.308133333333334,298,0.20694444444444443,partial
2010-01-15,36.61266666666667,1440,1.0,complete
2010-01-16,35.8352,1440,1.0,complete
2010-01-17,31.775933333333334,1440,1.0,complete
2010-01-18,31.351633333333332,1440,1.0,complete
2010-01-19,40.55846666666667,1440,1.0,complete
2010-01-20,39.19546666666667,1440,1.0,complete
2010-01-21,35.63093333333333,1440,1.0,complete
2010-01-22,29.843766666666667,1440,1.0,complete
2010-01-23,43.47516666666667,1439,0.9993055555555556,partial
2010-01-24,37.82366666666667,1440,1.0,complete
2010-01-25,32.17516666666667,1440,1.0,complete
2010-01-26,34.4594,1440,1.0,complete
2010-01-27,46.015033333333335,1440,1.0,complete
2010-01-28,35.170566666666666,1440,1.0,complete
2010-01-29,34.88316666666667,1440,1.0,complete
2010-01-30,47.3788,1440,1.0,complete
2010-01-31,29.9866,1440,1.0,complete
2010-02-01,28.229633333333332,1440,1.0,complete
2010-02-02,35.9572,1440,1.0,complete
2010-02-03,48.38356666666667,1440,1.0,complete
2010-02-04,38.6045,1440,1.0,complete
2010-02-05,34.98153333333333,1440,1.0,complete
2010-02-06,45.216433333333335,1440,1.0,complete
2010-02-07,27.095133333333333,1440,1.0,complete
2010-02-08,43.0373,1440,1.0,complete
2010-02-09,40.348866666666666,1440,1.0,complete
2010-02-10,32.40903333333333,1439,0.9993055555555556,partial
2010-02-11,22.829466666666665,1440,1.0,complete
2010-02-12,31.549966666666666,1440,1.0,complete
2010-02-13,39.1926,1440,1.0,complete
2010-02-14,28.111633333333334,1439,0.9993055555555556,partial
2010-02-15,34.9522,1440,1.0,complete
2010-02-16,29.9626,1440,1.0,complete
2010-02-17,34.242666666666665,1440,1.0,complete
2010-02-18,29.3526,1440,1.0,complete
2010-02-19,32.559533333333334,1440,1.0,complete
2010-02-20,33.062133333333335,1440,1.0,complete
2010-02-21,45.6719,1440,1.0,complete
2010-02-22,24.567266666666665,1440,1.0,complete
2010-02-23,24.354666666666667,1440,1.0,complete
2010-02-24,31.904633333333333,1440,1.0,complete
2010-02-25,31.33673333333333,1440,1.0,complete
2010-02-26,35.33593333333334,1440,1.0,complete
2010-02-27,29.4176,1440,1.0,complete
2010-02-28,11.8611,1440,1.0,complete
2010-03-01,21.645466666666668,1440,1.0,complete
2010-03-02,12.781766666666666,1440,1.0,complete
2010-03-03,15.597233333333334,1440,1.0,complete
2010-03-04,11.381333333333334,1440,1.0,complete
2010-03-05,18.895433333333333,1440,1.0,complete
2010-03-06,13.2452,1440,1.0,complete
2010-03-07,22.874533333333332,1440,1.0,complete
2010-03-08,42.6183,1440,1.0,complete
2010-03-09,29.3352,1440,1.0,complete
2010-03-10,30.3772,1440,1.0,complete
2010-03-11,32.518166666666666,1440,1.0,complete
2010-03-12,27.423733333333335,1440,1.0,complete
2010-03-13,39.716833333333334,1440,1.0,complete
2010-03-14,26.1119,1440,1.0,complete
2010-03-15,29.864166666666666,1440,1.0,complete
2010-03-16,25.710833333333333,1440,1.0,complete
2010-03-17,33.4855,1440,1.0,complete
2010-03-18,26.0447,1440,1.0,complete
2010-03-19,27.723066666666668,1440,1.0,complete
2010-03-20,2.1955333333333336,232,0.16111111111111112,partial
2010-03-21,15.288033333333333,621,0.43125,partial
2010-03-22,26.9765,1440,1.0,complete
2010-03-23,30.369366666666668,1440,1.0,complete
2010-03-24,33.245866666666664,1440,1.0,complete
2010-03-25,27.998066666666666,1440,1.0,complete
2010-03-26,27.5214,1440,1.0,complete
2010-03-27,30.7995,1440,1.0,complete
2010-03-28,29.970233333333333,1440,1.0,complete
2010-03-29,27.045633333333335,1440,1.0,complete
2010-03-30,31.774233333333335,1440,1.0,complete
2010-03-31,32.06336666666667,1440,1.0,complete
2010-04-01,28.124,1440,1.0,complete
2010-04-02,27.477033333333335,1440,1.0,complete
2010-04-03,30.087966666666667,1440,1.0,complete
2010-04-04,28.173133333333332,1440,1.0,complete
2010-04-05,18.647,1440,1.0,complete
2010-04-06,30.430866666666667,1440,1.0,complete
2010-04-07,26.616366666666668,1440,1.0,complete
2010-04-08,27.487,1440,1.0,complete
2010-04-09,20.555833333333332,1440,1.0,complete
2010-04-10,19.8368,1440,1.0,complete
2010-04-11,26.7135,1439,0.9993055555555556,partial
2010-04-12,23.990433333333332,1440,1.0,complete
2010-04-13,25.211733333333335,1440,1.0,complete
2010-04-14,27.672733333333333,1440,1.0,complete
2010-04-15,31.202966666666665,1440,1.0,complete
2010-04-16,26.034366666666667,1440,1.0,complete
2010-04-17,25.961866666666666,1440,1.0,complete
2010-04-18,24.601766666666666,1440,1.0,complete
2010-04-19,28.476566666666667,1440,1.0,complete
2010-04-20,30.560466666666667,1440,1.0,complete
2010-04-21,26.3319,1440,1.0,complete
2010-04-22,24.3484,1440,1.0,complete
2010-04-23,19.6756,1440,1.0,complete
2010-04-24,25.306966666666668,1440,1.0,complete
2010-04-25,25.712366666666668,1440,1.0,complete
2010-04-26,18.045266666666667,1440,1.0,complete
2010-04-27,20.849,1440,1.0,complete
2010-04-28,14.4643,1440,1.0,complete
2010-04-29,18.3954,1440,1.0,complete
2010-04-30,18.6438,1440,1.0,complete
2010-05-01,22.002633333333332,1440,1.0,complete
2010-05-02,36.46516666666667,1440,1.0,complete
2010-05-03,23.5217,1440,1.0,complete
2010-05-04,25.282666666666668,1440,1.0,complete
2010-05-05,30.088466666666665,1440,1.0,complete
2010-05-06,21.654166666666665,1440,1.0,complete
2010-05-07,27.400066666666667,1440,1.0,complete
2010-05-08,25.557033333333333,1440,1.0,complete
2010-05-09,26.1085,1440,1.0,complete
2010-05-10,24.464866666666666,1440,1.0,complete
2010-05-11,26.189466666666668,1440,1.0,complete
2010-05-12,33.923633333333335,1440,1.0,complete
2010-05-13,25.874933333333335,1439,0.9993055555555556,partial
2010-05-14,28.70243333333333,1440,1.0,complete
2010-05-15,32.412866666666666,1440,1.0,complete
2010-05-16,35.0071,1440,1.0,complete
2010-05-17,27.136366666666667,1440,1.0,complete
2010-05-18,23.6864,1440,1.0,complete
2010-05-19,23.7792,1440,1.0,complete
2010-05-20,19.231633333333335,1440,1.0,complete
2010-05-21,21.573266666666665,1440,1.0,complete
2010-05-22,34.92953333333333,1440,1.0,complete
2010-05-23,24.7926,1440,1.0,complete
2010-05-24,22.355533333333334,1440,1.0,complete
2010-05-25,19.9771,1440,1.0,complete
2010-05-26,23.1314,1440,1.0,complete
2010-05-27,22.0557,1440,1.0,complete
2010-05-28,23.302733333333332,1440,1.0,complete
2010-05-29,34.163466666666665,1440,1.0,complete
2010-05-30,27.761666666666667,1440,1.0,complete
2010-05-31,22.341033333333332,1440,1.0,complete
2010-06-01,21.1494,1440,1.0,complete
2010-06-02,16.348300000000002,1440,1.0,complete
2010-06-03,23.236433333333334,1440,1.0,complete
2010-06-04,23.6759,1440,1.0,complete
2010-06-05,33.49406666666667,1440,1.0,complete
2010-06-06,29.1132,1440,1.0,complete
2010-06-07,16.868033333333333,1440,1.0,complete
2010-06-08,22.700566666666667,1440,1.0,complete
2010-06-09,25.578033333333334,1440,1.0,complete
2010-06-10,20.253166666666665,1440,1.0,complete
2010-06-11,24.5112,1440,1.0,complete
2010-06-12,32.885133333333336,1439,0.9993055555555556,partial
2010-06-13,27.905933333333333,1440,1.0,complete
2010-06-14,20.299733333333332,1440,1.0,complete
2010-06-15,20.399433333333334,1440,1.0,complete
2010-06-16,29.4682,1440,1.0,complete
2010-06-17,17.133633333333332,1440,1.0,complete
2010-06-18,22.205266666666667,1440,1.0,complete
2010-06-19,23.603666666666665,1440,1.0,complete
2010-06-20,27.875833333333333,1440,1.0,complete
2010-06-21,27.6815,1440,1.0,complete
2010-06-22,25.343133333333334,1440,1.0,complete
2010-06-23,24.0344,1440,1.0,complete
2010-06-24,18.263,1440,1.0,complete
2010-06-25,18.323966666666667,1440,1.0,complete
2010-06-26,16.360333333333333,1440,1.0,complete
2010-06-27,18.9994,1440,1.0,complete
2010-06-28,24.522333333333332,1440,1.0,complete
2010-06-29,22.788266666666665,1439,0.9993055555555556,partial
2010-06-30,23.068933333333334,1440,1.0,complete
2010-07-01,22.483366666666665,1440,1.0,complete
2010-07-02,19.015466666666665,1440,1.0,complete
2010-07-03,18.6679,1440,1.0,complete
2010-07-04,25.6348,1440,1.0,complete
2010-07-05,18.5665,1440,1.0,complete
2010-07-06,16.76556666666667,1440,1.0,complete
2010-07-07,13.913133333333333,1440,1.0,complete
2010-07-08,20.210866666666668,1440,1.0,complete
2010-07-09,18.057966666666665,1440,1.0,complete
2010-07-10,19.241733333333332,1440,1.0,complete
2010-07-11,19.892866666666666,1440,1.0,complete
2010-07-12,18.4929,1440,1.0,complete
2010-07-13,23.035233333333334,1440,1.0,complete
2010-07-14,23.4912,1440,1.0,complete
2010-07-15,27.219366666666666,1439,0.9993055555555556,partial
2010-07-16,13.6676,1440,1.0,complete
2010-07-17,13.4392,1440,1.0,complete
2010-07-18,13.533966666666666,1440,1.0,complete
2010-07-19,13.352633333333333,1440,1.0,complete
2010-07-20,14.263733333333333,1440,1.0,complete
2010-07-21,17.7361,1440,1.0,complete
2010-07-22,19.407433333333334,1440,1.0,complete
2010-07-23,19.602633333333333,1440,1.0,complete
2010-07-24,15.361133333333333,1440,1.0,complete
2010-07-25,18.840166666666665,1440,1.0,complete
2010-07-26,14.735833333333334,1440,1.0,complete
2010-07-27,15.872666666666667,1440,1.0,complete
2010-07-28,14.377566666666667,1440,1.0,complete
2010-07-29,9.151733333333333,1440,1.0,complete
2010-07-30,9.187666666666667,1440,1.0,complete
2010-07-31,9.2436,1440,1.0,complete
2010-08-01,9.261066666666666,1440,1.0,complete
2010-08-02,9.158033333333334,1440,1.0,complete
2010-08-03,10.253533333333333,1440,1.0,complete
2010-08-04,9.055933333333334,1440,1.0,complete
2010-08-05,8.891266666666667,1440,1.0,complete
2010-08-06,8.745766666666666,1440,1.0,complete
2010-08-07,8.791266666666667,1440,1.0,complete
2010-08-08,8.807666666666666,1440,1.0,complete
2010-08-09,8.917733333333333,1440,1.0,complete
2010-08-10,9.0793,1440,1.0,complete
2010-08-11,9.033366666666666,1440,1.0,complete
2010-08-12,8.8283,1440,1.0,complete
2010-08-13,8.9049,1440,1.0,complete
2010-08-14,9.237833333333333,1440,1.0,complete
2010-08-15,17.599766666666667,1440,1.0,complete
2010-08-16,18.828833333333332,1440,1.0,complete
2010-08-17,16.303366666666665,1262,0.8763888888888889,partial
2010-08-22,1.5556333333333334,152,0.10555555555555556,partial
2010-08-23,12.760966666666667,1440,1.0,complete
2010-08-24,12.049133333333334,1440,1.0,complete
2010-08-25,16.340133333333334,1440,1.0,complete
2010-08-26,12.620866666666666,1440,1.0,complete
2010-08-27,33.844166666666666,1440,1.0,complete
2010-08-28,24.0476,1440,1.0,complete
2010-08-29,27.808,1440,1.0,complete
2010-08-30,24.913366666666665,1440,1.0,complete
2010-08-31,22.75176666666667,1440,1.0,complete
2010-09-01,26.5553,1440,1.0,complete
2010-09-02,23.2082,1440,1.0,complete
2010-09-03,22.44023333333333,1440,1.0,complete
2010-09-04,29.064,1440,1.0,complete
2010-09-05,22.0503,1440,1.0,complete
2010-09-06,23.7146,1440,1.0,complete
2010-09-07,24.197566666666667,1440,1.0,complete
2010-09-08,21.7302,1440,1.0,complete
2010-09-09,20.645233333333334,1440,1.0,complete
2010-09-10,22.135133333333332,1440,1.0,complete
2010-09-11,24.3885,1440,1.0,complete
2010-09-12,26.8682,1440,1.0,complete
2010-09-13,17.938666666666666,1440,1.0,complete
2010-09-14,23.844633333333334,1440,1.0,complete
2010-09-15,16.4349,1440,1.0,complete
2010-09-16,22.328966666666666,1440,1.0,complete
2010-09-17,24.960133333333335,1440,1.0,complete
2010-09-18,20.7991,1440,1.0,complete
2010-09-19,15.326666666666666,1440,1.0,complete
2010-09-20,28.0472,1440,1.0,complete
2010-09-21,18.522933333333334,1440,1.0,complete
2010-09-22,25.173233333333332,1440,1.0,complete
2010-09-23,24.164366666666666,1440,1.0,complete
2010-09-24,22.1332,1440,1.0,complete
2010-09-25,1.7667666666666668,236,0.1638888888888889,partial
2010-09-28,7.840433333333333,287,0.19930555555555557,partial
2010-09-29,28.073766666666668,1440,1.0,complete
2010-09-30,20.804633333333335,1440,1.0,complete
2010-10-01,25.080333333333332,1440,1.0,complete
2010-10-02,32.054233333333336,1440,1.0,complete
2010-10-03,30.511400000000002,1440,1.0,complete
2010-10-04,29.599333333333334,1440,1.0,complete
2010-10-05,30.9104,1440,1.0,complete
2010-10-06,21.924266666666668,1440,1.0,complete
2010-10-07,30.1659,1440,1.0,complete
2010-10-08,25.174266666666668,1440,1.0,complete
2010-10-09,26.863,1440,1.0,complete
2010-10-10,33.31506666666667,1440,1.0,complete
2010-10-11,27.043166666666668,1440,1.0,complete
2010-10-12,26.3282,1440,1.0,complete
2010-10-13,34.564766666666664,1440,1.0,complete
2010-10-14,35.585366666666665,1440,1.0,complete
2010-10-15,26.6054,1440,1.0,complete
2010-10-16,16.6669,1440,1.0,complete
2010-10-17,17.456366666666668,1440,1.0,complete
2010-10-18,45.2314,1440,1.0,complete
2010-10-19,32.09963333333334,1440,1.0,complete
2010-10-20,28.7994,1440,1.0,complete
2010-10-21,22.58663333333333,1440,1.0,complete
2010-10-22,27.814866666666667,1440,1.0,complete
2010-10-23,38.2206,1440,1.0,complete
2010-10-24,39.84246666666667,1439,0.9993055555555556,partial
2010-10-25,19.3882,1440,1.0,complete
2010-10-26,15.765066666666666,1440,1.0,complete
2010-10-27,21.004633333333334,1440,1.0,complete
2010-10-28,24.388766666666665,1440,1.0,complete
2010-10-29,20.0737,1440,1.0,complete
2010-10-30,35.87833333333333,1440,1.0,complete
2010-10-31,24.607166666666668,1440,1.0,complete
2010-11-01,23.053,1440,1.0,complete
2010-11-02,19.851366666666667,1440,1.0,complete
2010-11-03,21.554966666666665,1440,1.0,complete
2010-11-04,42.585766666666665,1440,1.0,complete
2010-11-05,28.9348,1440,1.0,complete
2010-11-06,30.090133333333334,1440,1.0,complete
2010-11-07,27.896933333333333,1440,1.0,complete
2010-11-08,30.425666666666668,1440,1.0,complete
2010-11-09,33.701633333333334,1440,1.0,complete
2010-11-10,32.442233333333334,1440,1.0,complete
2010-11-11,29.559866666666668,1440,1.0,complete
2010-11-12,30.6137,1440,1.0,complete
2010-11-13,33.719566666666665,1440,1.0,complete
2010-11-14,33.9732,1440,1.0,complete
2010-11-15,29.123033333333332,1440,1.0,complete
2010-11-16,25.162466666666667,1440,1.0,complete
2010-11-17,26.3672,1440,1.0,complete
2010-11-18,27.535866666666667,1440,1.0,complete
2010-11-19,26.173333333333332,1440,1.0,complete
2010-11-20,36.61676666666666,1440,1.0,complete
2010-11-21,15.015166666666667,1440,1.0,complete
2010-11-22,34.0256,1440,1.0,complete
2010-11-23,26.292266666666666,1440,1.0,complete
2010-11-24,29.937466666666666,1440,1.0,complete
2010-11-25,23.852733333333333,1440,1.0,complete
2010-11-26,24.801733333333335,1263,0.8770833333333333,partial
